{"cameraMode":{"drawMode":0,"name":"Shaded","section":"Shading Mode"},"sceneLighting":true,"audioPlay":false,"sceneViewState":{"m_AlwaysRefresh":false,"showFog":true,"showSkybox":true,"showFlares":true,"showImageEffects":true,"showParticleSystems":true,"showVisualEffectGraphs":true,"m_FxEnabled":true},"in2DMode":false,"pivot":{"x":66.95260620117188,"y":-50.58613586425781,"z":89.35565185546875},"rotation":{"x":-0.0009276520577259362,"y":0.9750354290008545,"z":-0.22193904221057893,"w":-0.004093635361641645},"size":452.7625732421875,"orthographic":false}