{"cameraMode":{"drawMode":0,"name":"Shaded","section":"Shading Mode"},"sceneLighting":true,"audioPlay":false,"sceneViewState":{"m_AlwaysRefresh":false,"showFog":true,"showSkybox":true,"showFlares":true,"showImageEffects":true,"showParticleSystems":true,"showVisualEffectGraphs":true,"m_FxEnabled":true},"in2DMode":false,"pivot":{"x":46.08047103881836,"y":-324.7251281738281,"z":-129.98934936523438},"rotation":{"x":0.0013664296129718423,"y":0.958685576915741,"z":-0.28431838750839236,"w":0.0046030692756175999},"size":576.078857421875,"orthographic":false}